<?xml version="1.0" encoding="UTF-8" standalone="no"?>
<?xml-stylesheet type="text/xsl" href="configuration.xsl"?>
<!-- Licensed to the Apache Software Foundation (ASF) under one or more contributor license agreements. See the NOTICE file distributed with this work for additional information regarding copyright ownership.
The ASF licenses this file to You under the Apache License, Version 2.0 (the "License"); you may not use this file except in compliance with the License. You may obtain a copy of the License at
http://www.apache.org/licenses/LICENSE-2.0
Unless required by applicable law or agreed to in writing, software distributed under the License is distributed on an "AS IS" BASIS,
WITHOUT WARRANTIES OR CONDITIONS OF ANY KIND, either express or implied. See the License for the specific language governing permissions and limitations under the License.
-->

<configuration>
	<property>
		<name>javax.jdo.option.ConnectionURL</name> 
		<value>jdbc:derby:;databaseName=/home/hadoop/spark/metastore_db;create=true</value>
		<description>
			JDBC connect string for a JDBC metastore. To use SSL to encrypt/authenticate the connectio n, provide database-specific SSL flag in the connection URL.
			For example, jdbc:postgresql://myhost/db?ssl=true for postgres database.
		</description>
	</property>
	<property>
		<name>hive.metastore.warehouse.dir</name>
		<value>/user/spark/warehouse</value>
		<description>location of default database for the warehouse
		</description>
	</property>
	<property>
		<name>hive.metastore.uris</name>
		<value/>
		<description>Thrift URI for the remote metastore. Used by metastore cli		ent to connect to remote metastore.
		</description>
	</property>
	<property>
		<name>javax.jdo.option.ConnectionDriverName</name>
		<value>org.apache.derby.jdbc.EmbeddedDriver</value>
		<description>Driver class name for a JDBC metastore</description>
	</property>
	<property>
		<name>javax.jdo.PersistenceManagerFactoryClass</name>
		<value>org.datanucleus.api.jdo.JDOPersistenceManagerFactory</value>
		<description>class implementing the jdo persistence</description>
	</property>
</configuration>
